Category,Feature,Hard Level (%),Notes / Dhaka Relevance / Implementation Tip
Basic,Smart Object Detection (Person / Vehicle / Pet),20,"YOLOv8 nano from Hugging Face - you already did OpenCV projects. Core MVP feature."
Basic,Custom Activity Zones + Motion Filtering,15,"Simple polygon drawing in app + OpenCV masking. Very easy win for false-alarm reduction."
Basic,Real-time Push Notifications + Short Video Clips/Thumbnails,10,"Firebase Cloud Messaging + FFmpeg clip extraction. Standard and quick."
Basic,Event-based Cloud Storage (clips only, 7–30+ days),25,"Backblaze/S3 + PostgreSQL metadata. Cheap & scalable for BD users."
Basic,Live View + Playback via Mobile App,15,"WebRTC or HLS streaming in Flutter/React Native. Users expect this day-1."
Basic,Tamper Detection (camera blocked/covered),30,"Simple frame-difference + brightness check with OpenCV. Low effort."
Basic,Two-Way Audio Relay,25,"RTSP audio channel + WebSocket. Nice-to-have for talking to delivery guys."
Basic,Easy Camera Binding (RTSP / ONVIF for existing IP cameras),15,"ONVIF discovery + RTSP URL tester. Your biggest early advantage in Dhaka."
Advanced,Loitering / Line Crossing / Intrusion Detection,40,"DeepSORT tracking on top of YOLO. Very useful for shop gates in Mirpur/Banani."
Advanced,License Plate Recognition (ANPR/LPR),50,"EasyOCR + YOLO plate detector (fine-tune on BD plates). Huge for parking/shops."
Advanced,Known vs Unknown Face Recognition,45,"InsightFace or FaceNet from HF + small user photo upload. Family/employee use-case."
Advanced,People / Vehicle Counting + Daily/Weekly Reports,35,"YOLO counting + simple DB aggregation. Shop owners in Gulshan will love footfall stats."
Advanced,Low-Bandwidth Mode (clips + thumbnails only),30,"FFmpeg downscale + thumbnail-only upload. Critical for Dhaka’s variable internet/power."
Advanced,Daily AI Summary Reports,40,"Light Gemini call on daily events. Send via WhatsApp/Telegram - super sticky feature."
Advanced,Active Deterrence (siren / spotlight / voice warning),35,"Camera API calls + pre-recorded Bangla voice. Deterrence sells itself."
Advanced,Multi-Camera Dashboard + Timeline Search by Object,20,"Simple React dashboard with filters. Feels pro even in Starter tier."
Advanced,Multi-Language Alerts (including Bengali),45,"Google Translate + custom Bangla prompts. Massive localization edge no global player has."
God-level,Natural Language Video Search (“show me person in red shirt after 8 PM”),80,"Gemini 1.5/2.0 Vision on event clips + metadata indexing. Wow-factor king."
God-level,AI Video Summary & Scene Description,75,"Gemini vision on 5–10 key clips daily. “At 7:45 PM a delivery arrived…” - pure magic."
God-level,Behavioral Anomaly Detection (fighting, falling, crowd gathering),70,"Advanced pose estimation or Gemini vision on clips. High value for security."
God-level,Predictive Insights (“higher risk after 9 PM on Fridays”),85,"Light time-series ML (Prophet or simple LSTM) on your event DB. Future-proof."
God-level,Super-Resolution on Blurry Footage,65,"Hugging Face real-ESRGAN or CodeFormer. Makes old cheap cameras usable."
God-level,Multi-Camera Cross-Tracking & Path Visualization,60,"DeepSORT + graph DB for paths. Cool map view in app."
God-level,Generative AI Reports (auto PDF incident report in Bangla),70,"Gemini + ReportLab. One-click professional reports for police/shop owners."
God-level,Voice Command Control in App,55,"Whisper + Gemini for “Hey show me camera 2”. Fun & modern."
God-level,Smart Home / Access Control Integration (auto-unlock for known faces),65,"Webhook to door locks or bKash-linked services. Premium upsell."
God-level,Privacy-First Edge + Cloud Hybrid,80,"Run tiny YOLO on cheap edge device (if user has Raspberry Pi) + cloud only for events."
God-level,Weapon / Gun / Smoke / Fire Detection,75,"Fine-tuned YOLOv8 or Gemini vision. Enterprise/government future."
God-level,PPE / Mask Detection,70,"YOLO fine-tune for hard-hat/mask. Factories & hospitals in BD."
God-level,POS / Transaction Sync + Business Intelligence (shrink, time-theft),85,"API integration with local POS (e.g. Paperfly, Pathao). Solink-style but cheaper."
God-level,Occupancy / Heat Maps / Footfall Analytics,60,"YOLO counting + simple heatmap overlay. Retail gold."
God-level,Automated Incident Response Workflow (alert → auto-call selected contact),55,"Twilio or local SMS gateway + rules engine. Set-and-forget premium."